Customer_ID,Age,Gender,Region,Income,Balance,Account_Type,Segment
CUST0223,30,Female,East,2496364.53,464305.66,Savings,"Mass Market"
CUST0798,40,Female,West,2495205.88,1311566.05,Salary,"High Value"
CUST0181,30,Male,North,2491935.54,1327671.71,Salary,"High Value"
CUST0512,28,Male,East,2489962.54,419897.33,Savings,"Mass Market"
CUST0729,38,Female,East,2486466.46,569228.81,NRI,"Mass Market"
CUST0583,68,Female,South,2484197.05,146116.33,Savings,"Mass Market"
CUST0158,46,Female,East,2481981.89,1465160.28,Current,"High Value"
CUST0677,51,Female,South,2473679.13,220661.50,Savings,"Mass Market"
CUST0347,55,Female,North,2466977.24,878827.58,Savings,"High Value"
CUST0133,38,Female,East,2466273.43,1370712.23,Current,"High Value"
CUST0393,30,Male,South,2465042.70,1267281.17,NRI,"High Value"
CUST0701,45,Female,North,2464828.96,1470133.62,Salary,"High Value"
CUST0378,40,Female,North,2463747.24,672622.04,Savings,"Mass Market"
CUST0296,57,Male,East,2458853.60,146075.34,NRI,"Mass Market"
CUST0754,39,Male,West,2458172.23,456140.46,NRI,"Mass Market"
CUST0767,39,Female,South,2457626.56,429401.18,Salary,"Mass Market"
CUST0099,35,Female,West,2455934.72,1320958.24,Savings,"High Value"
CUST0434,29,Male,East,2454030.86,1219324.25,Savings,"High Value"
CUST0845,47,Male,North,2453758.45,883490.89,NRI,"High Value"
CUST0469,29,Male,North,2448960.72,1166057.11,NRI,"High Value"
CUST0970,35,Male,East,2447230.41,207381.28,Salary,"Mass Market"
CUST0023,26,Male,South,2446922.26,27884.51,Current,"Mass Market"
CUST0986,25,Male,West,2443227.78,1185481.80,NRI,"High Value"
CUST0302,27,Female,West,2438411.73,680416.07,Current,"Mass Market"
CUST0555,38,Male,West,2437371.92,480346.04,NRI,"Mass Market"
CUST0096,68,Male,South,2430675.31,876765.08,Savings,"High Value"
CUST0084,49,Male,East,2429292.08,843235.02,Current,"High Value"
CUST0391,46,Female,South,2427678.55,1264016.79,Salary,"High Value"
CUST0720,27,Female,West,2426118.25,386727.73,Current,"Mass Market"
CUST0905,35,Male,North,2425304.51,247902.86,NRI,"Mass Market"
CUST0360,64,Female,West,2421848.64,1450267.11,Current,"High Value"
CUST0894,58,Male,East,2420972.52,622579.64,Salary,"Mass Market"
CUST0740,55,Male,North,2420863.46,411748.71,Savings,"Mass Market"
CUST0684,53,Male,North,2420838.30,1233992.17,Salary,"High Value"
CUST0963,26,Male,South,2419698.33,387266.37,Current,"Mass Market"
CUST0289,26,Female,East,2419467.76,1417614.00,Salary,"High Value"
CUST0482,59,Female,South,2418182.79,658171.75,NRI,"Mass Market"
CUST0703,49,Female,South,2414498.07,1033151.13,Current,"High Value"
CUST0025,57,Male,West,2411068.62,1113588.74,Current,"High Value"
CUST0175,25,Male,South,2407761.66,716719.91,Savings,"Mass Market"
CUST0796,55,Male,East,2406385.64,149403.52,Current,"Mass Market"
CUST0915,48,Male,South,2404959.59,1421257.87,Savings,"High Value"
CUST0265,56,Female,East,2404552.17,926453.93,Salary,"High Value"
CUST0069,34,Female,West,2404303.08,949847.93,Salary,"High Value"
CUST0772,48,Female,South,2403303.72,1393857.50,NRI,"High Value"
CUST0696,57,Male,East,2403021.42,1250262.65,Salary,"High Value"
CUST0042,42,Male,East,2401736.31,869443.80,Savings,"High Value"
CUST0824,58,Male,South,2401253.46,324037.02,Salary,"Mass Market"
CUST0594,53,Male,West,2401133.13,863427.71,Salary,"High Value"
CUST0907,55,Female,South,2391699.96,928273.22,Salary,"High Value"
CUST0543,49,Female,South,2391168.32,965218.29,NRI,"High Value"
CUST0822,36,Female,West,2384913.66,1221581.59,Salary,"High Value"
CUST0322,43,Female,West,2380535.92,1160506.52,NRI,"High Value"
CUST0751,54,Female,North,2376892.61,1466382.89,Current,"High Value"
CUST0113,36,Male,North,2374766.84,346426.43,Salary,"Mass Market"
CUST0613,51,Female,South,2371796.57,946237.21,Current,"High Value"
CUST0244,64,Female,South,2369494.34,429919.25,NRI,"Mass Market"
CUST0454,63,Female,East,2364270.60,782934.29,Current,"Mass Market"
CUST0134,63,Male,North,2362253.75,588079.40,Current,"Mass Market"
CUST0291,40,Male,West,2361009.42,860572.37,NRI,"High Value"
CUST0224,46,Male,South,2352849.33,297087.83,Salary,"Mass Market"
CUST0573,29,Female,North,2349858.18,296814.79,Current,"Mass Market"
CUST0838,32,Male,West,2344301.72,725473.44,Current,"Mass Market"
CUST0107,63,Female,South,2341784.01,1142996.10,NRI,"High Value"
CUST0784,44,Male,North,2338041.73,1494374.49,Current,"High Value"
CUST0123,51,Male,South,2321638.37,1155901.09,Salary,"High Value"
CUST0474,40,Female,North,2319768.41,1253143.95,NRI,"High Value"
CUST0651,39,Male,South,2316597.52,614152.80,Salary,"Mass Market"
CUST0369,49,Female,North,2313198.15,585568.68,Salary,"Mass Market"
CUST0620,37,Female,North,2309231.28,1057883.07,Current,"High Value"
CUST0478,51,Female,East,2303694.36,797773.91,Current,"Mass Market"
CUST0892,30,Male,East,2301874.92,366106.54,Salary,"Mass Market"
CUST0520,34,Male,East,2301179.00,1048066.59,Current,"High Value"
CUST0741,32,Male,East,2300800.14,1231318.73,Salary,"High Value"
CUST0352,46,Male,West,2300284.45,597774.29,Salary,"Mass Market"
CUST0589,66,Female,West,2296744.21,94933.56,NRI,"Mass Market"
CUST0460,34,Male,North,2295829.07,761157.93,Current,"Mass Market"
CUST0281,44,Female,North,2294162.40,240236.04,NRI,"Mass Market"
CUST0271,27,Male,West,2293760.08,1438719.09,Current,"High Value"
CUST0376,25,Male,East,2293515.16,1462607.37,Current,"High Value"
CUST0840,39,Male,East,2293444.20,853119.16,Salary,"High Value"
CUST0501,47,Male,South,2286368.99,83470.39,Salary,"Mass Market"
CUST0625,65,Female,West,2285397.28,436341.21,Savings,"Mass Market"
CUST0050,52,Male,West,2283876.38,1267550.27,Savings,"High Value"
CUST0694,69,Male,East,2280183.00,1337551.09,Savings,"High Value"
CUST0286,53,Male,South,2279633.36,139580.86,Salary,"Mass Market"
CUST0989,53,Female,West,2276833.33,361166.98,Current,"Mass Market"
CUST0054,59,Male,South,2269259.03,679126.99,Current,"Mass Market"
CUST0382,39,Male,West,2266777.36,1025110.34,Salary,"High Value"
CUST0778,53,Male,West,2264798.45,269205.92,Salary,"Mass Market"
CUST0531,47,Male,South,2263551.24,1473899.05,NRI,"High Value"
CUST0505,53,Male,East,2263065.50,583736.50,Savings,"Mass Market"
CUST0041,63,Male,South,2262586.32,102300.31,Salary,"Mass Market"
CUST0890,65,Female,East,2262118.72,1030240.49,Current,"High Value"
CUST0404,30,Male,South,2258567.72,441694.70,Current,"Mass Market"
CUST0943,25,Female,South,2258473.01,1235759.63,Current,"High Value"
CUST0663,62,Male,South,2258213.48,1361408.42,NRI,"High Value"
CUST0850,50,Male,North,2255049.98,1373114.80,Salary,"High Value"
CUST0698,42,Male,North,2254488.08,253788.14,Salary,"Mass Market"
CUST0117,48,Female,South,2251234.78,708149.92,NRI,"Mass Market"
CUST0004,67,Female,North,2250529.27,304358.30,NRI,"Mass Market"
CUST0185,61,Male,East,2249630.72,634808.67,NRI,"Mass Market"
CUST0780,34,Female,South,2243622.48,959580.21,Current,"High Value"
CUST0388,46,Male,East,2241316.01,898252.55,Salary,"High Value"
CUST0397,57,Female,East,2240241.07,1430427.68,Savings,"High Value"
CUST0730,33,Male,North,2236692.48,943862.49,Current,"High Value"
CUST0930,32,Male,West,2236344.82,84291.62,NRI,"Mass Market"
CUST0343,27,Female,North,2235080.08,1296513.05,Savings,"High Value"
CUST0523,48,Female,South,2233753.58,1461914.57,NRI,"High Value"
CUST0342,57,Male,East,2231226.17,861086.78,Savings,"High Value"
CUST0750,54,Male,West,2229599.28,212261.32,Salary,"Mass Market"
CUST0180,63,Female,North,2228631.68,879127.80,Salary,"High Value"
CUST0580,36,Male,North,2223289.55,662685.67,Savings,"Mass Market"
CUST0622,44,Male,North,2222136.91,93758.72,NRI,"Mass Market"
CUST0150,69,Male,West,2221310.41,1110433.62,NRI,"High Value"
CUST0487,36,Female,South,2220058.45,1194567.19,Salary,"High Value"
CUST0247,64,Male,South,2220006.55,42551.60,Current,"Mass Market"
CUST0455,60,Male,West,2216649.86,86236.60,Salary,"Mass Market"
CUST0344,42,Male,East,2215272.54,217780.85,NRI,"Mass Market"
CUST0744,58,Female,East,2213932.15,405104.40,Salary,"Mass Market"
CUST0766,54,Female,South,2204269.72,1233065.02,Savings,"High Value"
CUST0466,43,Male,West,2202039.94,1302876.13,Savings,"High Value"
CUST0756,45,Male,West,2199804.55,414859.22,Salary,"Mass Market"
CUST0121,64,Female,East,2195013.99,204226.16,Savings,"Mass Market"
CUST0313,51,Female,North,2192307.33,752516.21,NRI,"Mass Market"
CUST0476,52,Male,North,2188351.69,973146.99,Savings,"High Value"
CUST0408,59,Male,South,2187989.52,1059006.86,Current,"High Value"
CUST0650,38,Male,West,2186637.14,677477.77,Salary,"Mass Market"
CUST0375,44,Female,North,2185794.37,471109.63,Current,"Mass Market"
CUST0442,46,Female,East,2182621.97,918426.04,Salary,"High Value"
CUST0513,69,Male,West,2182531.41,962270.69,Salary,"High Value"
CUST0775,66,Female,South,2178716.33,674371.06,Savings,"Mass Market"
CUST0502,41,Male,East,2174980.52,393644.03,Savings,"Mass Market"
CUST0309,62,Male,West,2171355.33,614411.44,Savings,"Mass Market"
CUST0926,62,Female,South,2170765.60,1209627.62,Savings,"High Value"
CUST0323,28,Female,South,2169945.82,263989.14,Current,"Mass Market"
CUST0987,64,Male,West,2163533.82,358198.77,Current,"Mass Market"
CUST0777,29,Male,South,2163331.48,1100490.38,Savings,"High Value"
CUST0122,46,Female,South,2162331.55,313266.96,NRI,"Mass Market"
CUST0811,45,Female,West,2161027.17,22842.31,NRI,"Mass Market"
CUST0640,40,Female,South,2160329.60,755923.10,Salary,"Mass Market"
CUST0030,51,Female,West,2157585.58,925137.50,Salary,"High Value"
CUST0887,68,Female,West,2153966.18,1482140.80,Current,"High Value"
CUST0127,61,Female,South,2152396.82,61302.65,Salary,"Mass Market"
CUST0248,25,Male,East,2152253.85,1163983.55,Salary,"High Value"
CUST0432,40,Male,East,2151184.62,1151705.75,Salary,"High Value"
CUST0048,26,Male,North,2149917.47,77275.53,Current,"Mass Market"
CUST0142,56,Male,East,2149546.66,1407889.95,Savings,"High Value"
CUST0231,53,Male,West,2147565.03,505766.92,NRI,"Mass Market"
CUST0879,65,Male,West,2146544.68,1079166.46,Savings,"High Value"
CUST0444,38,Male,North,2141490.48,242979.59,Current,"Mass Market"
CUST0950,37,Male,West,2138056.50,759798.42,NRI,"Mass Market"
CUST0804,27,Female,East,2135118.11,252141.49,NRI,"Mass Market"
CUST0712,45,Male,South,2134029.92,662269.93,Savings,"Mass Market"
CUST0240,56,Male,North,2129733.50,1475730.26,Savings,"High Value"
CUST0516,60,Female,North,2129021.73,402691.70,NRI,"Mass Market"
CUST0485,67,Female,South,2124668.26,208790.34,Current,"Mass Market"
CUST0522,33,Female,South,2124430.96,1256204.08,Salary,"High Value"
CUST0800,28,Female,West,2122632.46,325145.06,NRI,"Mass Market"
CUST0418,50,Female,North,2122148.36,407523.88,Savings,"Mass Market"
CUST0009,47,Male,East,2120583.37,990878.08,NRI,"High Value"
CUST0769,58,Female,East,2120541.63,94372.08,NRI,"Mass Market"
CUST0700,35,Female,North,2118756.19,1014697.42,Savings,"High Value"
CUST0422,33,Female,North,2117152.07,1268847.49,Salary,"High Value"
CUST0206,56,Female,East,2115108.70,1048777.72,Salary,"High Value"
CUST0593,29,Female,East,2112338.85,83016.92,Current,"Mass Market"
CUST0859,59,Female,East,2109576.55,938201.53,Savings,"High Value"
CUST0649,65,Female,South,2109329.22,471099.24,Salary,"Mass Market"
CUST0925,54,Male,North,2108795.75,309357.90,Current,"Mass Market"
CUST0357,26,Male,West,2108626.95,378971.15,Salary,"Mass Market"
CUST0414,43,Female,West,2107601.17,1202205.00,NRI,"High Value"
CUST0595,61,Female,East,2106636.22,1231048.57,Salary,"High Value"
CUST0409,64,Male,North,2101939.73,334004.87,Salary,"Mass Market"
CUST0139,50,Female,South,2099127.73,1412588.25,Salary,"High Value"
CUST0120,68,Female,South,2095083.27,321555.07,Current,"Mass Market"
CUST0103,59,Male,West,2085893.53,205619.08,Savings,"Mass Market"
CUST0821,65,Female,North,2078117.46,357198.26,Current,"Mass Market"
CUST0974,59,Male,East,2075742.18,632796.29,Savings,"Mass Market"
CUST0331,59,Female,West,2074087.96,519683.46,NRI,"Mass Market"
CUST0204,47,Male,West,2070975.80,585215.89,Current,"Mass Market"
CUST0480,48,Female,East,2070794.91,962054.90,NRI,"High Value"
CUST0793,35,Male,South,2069761.86,948727.83,NRI,"High Value"
CUST0860,39,Female,South,2068708.72,675842.55,Savings,"Mass Market"
CUST0389,49,Female,East,2067927.78,1111975.95,Current,"High Value"
CUST0837,25,Male,South,2067662.04,1493511.31,Savings,"High Value"
CUST0250,52,Male,West,2065815.28,706903.72,Savings,"Mass Market"
CUST0569,66,Male,East,2065688.50,1259870.61,Savings,"High Value"
CUST0024,45,Male,South,2063381.65,833694.16,Savings,"High Value"
CUST0161,66,Female,West,2060156.13,657451.14,Salary,"Mass Market"
CUST0097,32,Male,South,2057171.22,1151857.35,Salary,"High Value"
CUST0648,42,Male,East,2056436.75,1134692.91,Current,"High Value"
CUST0367,50,Female,West,2055411.15,86969.46,Salary,"Mass Market"
CUST0509,58,Male,East,2048072.21,1068423.74,Salary,"High Value"
CUST0829,33,Male,North,2047934.20,394867.64,Current,"Mass Market"
CUST0748,68,Male,West,2047263.46,759284.52,Salary,"Mass Market"
CUST0193,48,Female,East,2047234.13,558692.66,Savings,"Mass Market"
CUST0373,60,Female,South,2045174.97,487893.04,Salary,"Mass Market"
CUST0364,63,Female,North,2044279.72,1034776.12,NRI,"High Value"
CUST0746,36,Male,North,2039121.55,1448518.47,NRI,"High Value"
CUST0646,43,Female,South,2035767.35,1028309.83,Current,"High Value"
CUST0889,66,Male,North,2035651.44,1101592.92,Savings,"High Value"
CUST0213,56,Male,North,2034952.92,1317846.61,Savings,"High Value"
CUST0457,54,Male,North,2034584.16,743082.58,Savings,"Mass Market"
CUST0043,28,Female,North,2031187.45,187623.56,Savings,"Mass Market"
CUST0334,48,Female,West,2029812.04,344330.64,Savings,"Mass Market"
CUST0228,33,Female,North,2028433.56,712723.28,Savings,"Mass Market"
CUST0040,33,Male,South,2027036.40,1155433.23,Salary,"High Value"
CUST0211,68,Male,East,2026773.35,829078.71,NRI,"High Value"
CUST0168,44,Male,East,2024341.93,596695.16,Savings,"Mass Market"
CUST0990,32,Male,West,2023036.51,1073353.82,Current,"High Value"
CUST0911,55,Female,South,2020012.50,559400.48,Salary,"Mass Market"
CUST0991,35,Male,East,2016827.47,1311780.27,Current,"High Value"
CUST0276,35,Male,South,2008763.23,613403.20,Salary,"Mass Market"
CUST0129,27,Female,East,2008184.38,1226816.31,Salary,"High Value"
CUST0359,41,Female,North,2006346.07,1344378.05,Salary,"High Value"
CUST0864,34,Male,East,2005761.53,615435.02,Salary,"Mass Market"
CUST0074,32,Female,South,2004237.77,483879.02,Current,"Mass Market"
CUST0092,31,Male,South,2004194.32,1027840.29,Current,"High Value"
CUST0967,33,Female,East,2002781.03,757785.60,Salary,"Mass Market"
CUST0529,56,Male,South,2002535.24,201241.39,NRI,"Mass Market"
CUST0979,38,Female,North,2000912.12,401416.26,Current,"Mass Market"
CUST0968,41,Female,South,2000427.26,687885.75,Savings,"Mass Market"
CUST0348,27,Male,North,1998427.45,1079841.13,Savings,"High Value"
CUST0973,62,Female,North,1994348.07,143314.95,Current,"Mass Market"
CUST0011,35,Female,West,1992470.77,422363.66,Current,"Mass Market"
CUST0086,65,Female,East,1992290.93,158373.77,Current,"Mass Market"
CUST0808,53,Male,East,1991630.12,616092.89,Current,"Mass Market"
CUST0923,39,Female,North,1988648.78,1240046.91,NRI,"High Value"
CUST0810,43,Female,East,1985455.05,224375.47,Salary,"Mass Market"
CUST0456,57,Male,South,1985342.51,356959.25,Savings,"Mass Market"
CUST0259,50,Male,West,1984128.38,807958.28,Savings,"High Value"
CUST0770,62,Male,West,1981961.15,189363.44,NRI,"Mass Market"
CUST0080,69,Male,West,1981619.86,824146.54,Current,"High Value"
CUST0711,25,Male,East,1976183.99,650912.67,Savings,"Mass Market"
CUST0761,62,Female,South,1975956.02,1472261.17,NRI,"High Value"
CUST0152,67,Male,West,1974467.38,586962.48,Current,"Mass Market"
CUST0906,54,Female,North,1974283.14,1187224.04,Current,"High Value"
CUST0171,52,Male,South,1974179.67,1116131.21,Savings,"High Value"
CUST0017,46,Male,North,1972637.61,498547.15,Savings,"Mass Market"
CUST0274,57,Male,South,1970676.18,430999.90,Savings,"Mass Market"
CUST0339,45,Male,West,1964853.31,771529.79,Current,"Mass Market"
CUST0691,26,Female,East,1963669.95,406491.04,Current,"Mass Market"
CUST0125,25,Male,South,1961092.24,852469.75,Savings,"High Value"
CUST0479,44,Female,North,1958716.19,61221.52,Salary,"Mass Market"
CUST0807,51,Male,North,1957541.43,1297046.54,Current,"High Value"
CUST0263,29,Female,West,1953025.19,1341960.93,Savings,"High Value"
CUST0609,55,Female,East,1952591.71,203486.95,Current,"Mass Market"
CUST0428,49,Female,East,1947417.94,24643.05,Savings,"Mass Market"
CUST0871,49,Male,East,1947019.52,1002946.88,Salary,"High Value"
CUST0102,59,Male,West,1945760.99,939022.91,Salary,"High Value"
CUST0999,29,Male,West,1944377.69,1140713.52,NRI,"High Value"
CUST0173,63,Male,East,1940614.32,97102.40,Current,"Mass Market"
CUST0545,37,Male,West,1935906.62,792724.21,Salary,"Mass Market"
CUST0499,26,Female,West,1935025.04,122165.29,NRI,"Mass Market"
CUST0882,60,Female,South,1929988.92,925604.20,Savings,"High Value"
CUST0805,56,Male,West,1929047.49,1440021.12,Current,"High Value"
CUST0473,48,Male,West,1927789.07,969422.86,Salary,"High Value"
CUST0937,28,Male,West,1924914.41,76436.26,Salary,"Mass Market"
CUST0803,49,Female,West,1923312.94,764006.59,Savings,"Mass Market"
CUST0070,60,Male,South,1922518.39,688917.83,Current,"Mass Market"
CUST0060,26,Male,West,1922354.29,556529.50,NRI,"Mass Market"
CUST0035,68,Male,East,1922185.57,168178.93,NRI,"Mass Market"
CUST0222,58,Male,North,1918458.85,1288208.10,Salary,"High Value"
CUST0010,35,Female,West,1913951.64,662198.07,NRI,"Mass Market"
CUST0164,52,Male,South,1912756.85,1422052.40,NRI,"High Value"
CUST0143,63,Female,West,1912163.40,420594.50,Salary,"Mass Market"
CUST0406,56,Female,East,1909292.28,328178.85,NRI,"Mass Market"
CUST0295,28,Male,South,1907806.12,1423070.63,Savings,"High Value"
CUST0258,40,Male,North,1904918.10,654931.48,NRI,"Mass Market"
CUST0638,69,Male,North,1904181.67,224917.63,Current,"Mass Market"
CUST0128,38,Male,South,1902679.49,674280.07,Salary,"Mass Market"
CUST0255,66,Female,East,1901466.48,25664.70,Savings,"Mass Market"
CUST0483,57,Male,North,1898676.18,446056.10,NRI,"Mass Market"
CUST0157,31,Male,East,1898215.77,1079337.48,Salary,"High Value"
CUST0138,39,Male,North,1897155.80,1129620.74,Savings,"High Value"
CUST0623,52,Female,South,1892740.72,1123805.75,Current,"High Value"
CUST0314,51,Male,East,1890191.47,908835.68,Salary,"High Value"
CUST0788,30,Male,East,1889955.31,1196622.18,Savings,"High Value"
CUST0742,63,Male,South,1888715.12,1499031.95,Savings,"High Value"
CUST0184,33,Female,East,1888556.06,1000461.42,Current,"High Value"
CUST0403,28,Female,West,1882577.97,197208.80,Salary,"Mass Market"
CUST0065,42,Female,West,1875911.45,1298955.94,Current,"High Value"
CUST0590,33,Female,South,1870871.82,885819.69,Savings,"High Value"
CUST0858,62,Female,South,1870695.79,157727.71,Current,"Mass Market"
CUST0941,44,Male,North,1869055.14,1399077.66,Current,"High Value"
CUST0903,28,Female,North,1868701.31,1239905.44,NRI,"High Value"
CUST0421,47,Male,West,1866430.84,1288901.18,NRI,"High Value"
CUST0411,37,Female,West,1862534.16,592466.97,Savings,"Mass Market"
CUST0316,45,Female,East,1857237.21,820242.73,Salary,"High Value"
CUST0212,50,Male,North,1856898.06,631574.78,Savings,"Mass Market"
CUST0830,50,Female,North,1855590.25,1301847.29,Savings,"High Value"
CUST0877,34,Female,East,1855348.27,975565.17,Current,"High Value"
CUST0657,35,Female,West,1852288.90,385960.89,Salary,"Mass Market"
CUST0900,45,Female,South,1848485.60,514375.25,Savings,"Mass Market"
CUST0489,25,Male,South,1848109.15,165426.50,NRI,"Mass Market"
CUST0536,47,Male,West,1845794.30,1241321.56,Current,"High Value"
CUST0908,48,Female,North,1845589.10,76842.23,Savings,"Mass Market"
CUST0582,34,Female,East,1844969.29,824249.78,Current,"High Value"
CUST0372,31,Female,East,1830978.06,741619.45,Savings,"Mass Market"
CUST0189,48,Female,West,1830359.92,20956.04,NRI,"Mass Market"
CUST0447,54,Female,West,1827131.26,419252.15,Salary,"Mass Market"
CUST0789,26,Male,North,1823571.35,897168.05,Salary,"High Value"
CUST0641,45,Female,South,1823484.22,1368559.82,NRI,"High Value"
CUST0149,63,Female,South,1815547.66,1199017.07,Salary,"High Value"
CUST0658,36,Female,North,1814491.04,1373782.01,Savings,"High Value"
CUST0679,33,Female,East,1814203.32,968709.13,NRI,"High Value"
CUST0045,38,Female,West,1813896.35,88588.49,NRI,"Mass Market"
CUST0787,58,Male,East,1812988.49,653780.25,Current,"Mass Market"
CUST0896,30,Male,East,1811442.39,39280.71,Salary,"Mass Market"
CUST0602,41,Female,South,1810497.81,942218.37,Savings,"High Value"
CUST0439,50,Male,North,1809919.83,1481179.02,NRI,"High Value"
CUST0856,69,Male,South,1801757.89,202777.12,NRI,"Mass Market"
CUST0062,66,Male,West,1796501.11,1152227.96,Savings,"High Value"
CUST0615,50,Male,North,1793073.90,167419.01,Savings,"Mass Market"
CUST0932,69,Female,East,1791189.04,810995.90,Savings,"High Value"
CUST0965,25,Male,South,1790592.99,1228554.89,Salary,"High Value"
CUST0673,52,Female,West,1789665.41,224363.27,Salary,"Mass Market"
CUST0799,32,Female,North,1789006.86,362347.62,Salary,"Mass Market"
CUST0203,52,Female,West,1788229.46,717911.46,Savings,"Mass Market"
CUST0437,27,Female,South,1787590.64,1093257.61,NRI,"High Value"
CUST0643,61,Male,South,1780526.57,972432.56,NRI,"High Value"
CUST0461,29,Female,South,1775611.09,490986.59,Current,"Mass Market"
CUST0521,61,Female,West,1772240.58,1090736.32,Salary,"High Value"
CUST0324,59,Female,North,1771849.14,582928.56,NRI,"Mass Market"
CUST0614,34,Male,East,1770859.82,284310.97,Current,"Mass Market"
CUST0394,39,Male,North,1769424.00,695890.29,Current,"Mass Market"
CUST0503,50,Male,North,1769170.30,212135.59,Salary,"Mass Market"
CUST0904,54,Male,South,1766047.91,228446.37,Salary,"Mass Market"
CUST0458,61,Male,West,1762966.79,472250.57,Savings,"Mass Market"
CUST0288,42,Female,North,1760337.31,1450172.07,NRI,"High Value"
CUST0075,38,Female,West,1755015.34,1387716.27,Savings,"High Value"
CUST0079,40,Female,North,1752665.98,919440.88,Current,"High Value"
CUST0053,32,Male,East,1750578.63,69484.57,Savings,"Mass Market"
CUST0809,56,Male,West,1748789.13,1145918.21,Savings,"High Value"
CUST0928,39,Female,North,1746177.66,440834.00,Current,"Mass Market"
CUST0264,61,Male,North,1745301.34,510366.38,NRI,"Mass Market"
CUST0356,66,Male,South,1744916.23,1437625.80,NRI,"High Value"
CUST0104,57,Female,South,1744252.94,471440.65,Current,"Mass Market"
CUST0130,25,Female,West,1743556.04,1329005.93,Current,"High Value"
CUST0383,52,Female,South,1739443.62,1076817.19,Current,"High Value"
CUST0298,45,Male,North,1739184.12,1441511.99,NRI,"High Value"
CUST0453,45,Female,East,1736958.14,951266.40,Savings,"High Value"
CUST0639,45,Male,East,1735041.63,1140875.48,Savings,"High Value"
CUST0542,44,Male,North,1734893.37,1393547.74,Current,"High Value"
CUST0936,50,Female,West,1733607.47,1440946.49,Current,"High Value"
CUST0429,64,Male,South,1732524.69,619682.06,Savings,"Mass Market"
CUST0327,52,Male,South,1732141.63,1174851.94,Savings,"High Value"
CUST0848,26,Female,North,1725198.38,701265.03,Salary,"Mass Market"
CUST0985,59,Female,West,1722209.23,540540.28,Salary,"Mass Market"
CUST0667,32,Male,West,1720809.25,1419115.51,Current,"High Value"
CUST0118,61,Female,East,1720783.79,230457.92,Salary,"Mass Market"
CUST0939,44,Male,West,1718631.73,30881.63,Salary,"Mass Market"
CUST0912,64,Female,North,1717128.29,1156899.81,Current,"High Value"
CUST0093,33,Female,West,1716589.36,1399524.40,Savings,"High Value"
CUST0446,29,Male,East,1714340.20,856720.24,Salary,"High Value"
CUST0225,35,Male,North,1713643.44,202316.16,Salary,"Mass Market"
CUST0197,26,Male,South,1713116.16,1365795.94,Salary,"High Value"
CUST0844,52,Female,North,1709047.29,1080861.91,NRI,"High Value"
CUST0052,68,Female,West,1701843.25,638351.80,Salary,"Mass Market"
CUST0668,52,Male,East,1701185.10,1018461.87,Savings,"High Value"
CUST0055,38,Female,South,1700673.30,870643.49,Current,"High Value"
CUST0597,43,Male,West,1700083.01,530925.45,Current,"Mass Market"
CUST0151,39,Female,South,1699840.98,105053.89,Savings,"Mass Market"
CUST0227,57,Female,West,1699590.20,1172271.65,Current,"High Value"
CUST0619,69,Male,West,1699411.30,1174378.51,Current,"High Value"
CUST0395,67,Male,North,1696276.80,334206.03,Savings,"Mass Market"
CUST0366,66,Male,North,1696081.32,1107345.03,Salary,"High Value"
CUST0435,46,Female,South,1695112.70,447935.97,Savings,"Mass Market"
CUST0547,60,Male,South,1695028.87,1459126.67,NRI,"High Value"
CUST0899,46,Male,West,1691966.13,518939.88,Savings,"Mass Market"
CUST0534,36,Male,North,1688876.62,69522.48,Current,"Mass Market"
CUST0869,50,Female,South,1685026.93,135477.39,NRI,"Mass Market"
CUST0783,41,Male,West,1678503.52,806851.20,Savings,"High Value"
CUST0726,43,Male,South,1677715.51,393157.00,NRI,"Mass Market"
CUST0854,47,Male,South,1674524.50,951001.12,Salary,"High Value"
CUST0087,53,Male,West,1674259.85,33881.95,Savings,"Mass Market"
CUST0731,25,Male,South,1671493.11,227683.88,Savings,"Mass Market"
CUST0430,69,Male,North,1666042.85,500775.11,Salary,"Mass Market"
CUST0733,37,Male,West,1665453.06,360196.64,Current,"Mass Market"
CUST0191,56,Female,East,1663096.54,995400.59,Salary,"High Value"
CUST0576,53,Male,East,1657546.34,1232556.18,Savings,"High Value"
CUST0165,52,Male,South,1655167.99,335969.85,NRI,"Mass Market"
CUST0386,56,Female,South,1653655.66,1018539.69,NRI,"High Value"
CUST0091,49,Female,North,1653028.53,128775.46,Current,"Mass Market"
CUST0056,41,Male,North,1650653.89,860651.51,Current,"High Value"
CUST0812,29,Male,South,1649929.05,39759.67,Salary,"Mass Market"
CUST0112,32,Male,South,1648467.08,716495.34,NRI,"Mass Market"
CUST0621,52,Male,South,1647661.63,1253342.80,Savings,"High Value"
CUST0559,29,Female,South,1643716.16,900546.68,Current,"High Value"
CUST0261,25,Female,North,1642495.33,589920.84,Savings,"Mass Market"
CUST0303,41,Female,South,1638760.00,1042434.28,Savings,"High Value"
CUST0591,51,Male,East,1637391.47,1262118.78,Savings,"High Value"
CUST0933,68,Female,West,1637054.67,867930.78,Savings,"High Value"
CUST0533,61,Female,East,1635597.07,664304.68,Salary,"Mass Market"
CUST0674,61,Female,South,1632714.35,165944.06,Salary,"Mass Market"
CUST0601,46,Male,South,1628350.00,1105490.49,Current,"High Value"
CUST0846,38,Male,South,1627684.81,743626.90,Current,"Mass Market"
CUST0202,26,Female,North,1627672.87,690763.23,NRI,"Mass Market"
CUST0699,56,Male,South,1626474.33,1040748.68,NRI,"High Value"
CUST0530,48,Male,South,1624231.55,978778.88,Salary,"High Value"
CUST0100,41,Female,North,1624139.50,976537.60,Savings,"High Value"
CUST0656,47,Female,West,1622363.17,851245.18,NRI,"High Value"
CUST0544,46,Male,North,1621432.35,474362.85,Salary,"Mass Market"
CUST0517,49,Male,North,1617752.72,425904.40,Savings,"Mass Market"
CUST0496,37,Male,North,1616386.47,1303319.39,Current,"High Value"
CUST0221,29,Male,South,1616095.65,709416.19,Salary,"Mass Market"
CUST0960,26,Male,North,1609289.68,782364.54,Salary,"Mass Market"
CUST0617,63,Male,East,1606053.74,872347.15,Savings,"High Value"
CUST0504,32,Female,North,1605087.45,397471.58,Current,"Mass Market"
CUST0186,57,Female,South,1604697.54,1054635.41,NRI,"High Value"
CUST0535,37,Male,South,1601733.76,549817.30,NRI,"Mass Market"
CUST0145,28,Female,South,1598764.92,1054204.54,Savings,"High Value"
CUST0757,38,Female,South,1595209.35,1225774.13,Savings,"High Value"
CUST0195,36,Male,East,1594044.99,636897.48,Savings,"Mass Market"
CUST0234,60,Male,West,1593092.59,1482304.87,Savings,"High Value"
CUST0853,27,Female,West,1588902.53,804252.38,Current,"High Value"
CUST0511,31,Female,North,1582175.04,1106521.41,Savings,"High Value"
CUST0101,32,Male,South,1581329.85,1349880.89,NRI,"High Value"
CUST0654,27,Female,South,1580837.24,449277.69,Salary,"Mass Market"
CUST0723,61,Male,East,1577028.72,1369190.27,Savings,"High Value"
CUST0199,61,Female,South,1575964.33,877284.50,Savings,"High Value"
CUST0365,53,Female,East,1570705.40,417477.03,Current,"Mass Market"
CUST0765,42,Male,East,1570013.86,1479403.43,Savings,"High Value"
CUST0633,62,Female,West,1569839.75,272076.52,NRI,"Mass Market"
CUST0771,57,Male,South,1561763.69,875345.19,Salary,"High Value"
CUST0570,63,Female,North,1558507.02,1316909.50,NRI,"High Value"
CUST0233,44,Male,West,1558119.00,521109.80,NRI,"Mass Market"
CUST0524,59,Female,East,1557899.17,1463646.86,NRI,"High Value"
CUST0732,69,Female,West,1552630.19,1236275.33,Current,"High Value"
CUST0300,32,Male,North,1543726.56,31152.99,Current,"Mass Market"
CUST0148,47,Female,West,1543048.38,315155.59,Current,"Mass Market"
CUST0200,41,Male,East,1535266.09,1198728.98,Savings,"High Value"
CUST0310,62,Female,West,1534690.13,262051.22,Savings,"Mass Market"
CUST0201,26,Male,South,1533452.21,1297905.74,Current,"High Value"
CUST0462,60,Male,South,1532969.39,394580.39,NRI,"Mass Market"
CUST0290,59,Male,South,1532370.00,508968.65,Current,"Mass Market"
CUST0401,29,Female,South,1531462.50,934149.92,Salary,"High Value"
CUST0636,69,Male,East,1529013.27,1373104.08,Salary,"High Value"
CUST0721,47,Male,West,1526959.42,110254.07,NRI,"Mass Market"
CUST0163,30,Male,South,1521186.89,279179.74,Salary,"Mass Market"
CUST0169,54,Female,North,1519298.33,916234.95,Current,"High Value"
CUST0709,65,Male,North,1518165.27,580421.76,NRI,"Mass Market"
CUST0861,49,Male,East,1515502.13,1169197.61,NRI,"High Value"
CUST0028,68,Male,North,1505510.88,1458967.47,Salary,"High Value"
CUST0467,56,Female,South,1502626.08,1064354.67,Salary,"High Value"
CUST0328,54,Female,North,1499950.11,731417.82,Savings,"Mass Market"
CUST0132,50,Female,West,1499059.22,812161.02,Current,"High Value"
CUST0317,54,Female,East,1495784.08,1045505.50,Savings,"High Value"
CUST0738,58,Female,North,1494654.08,35200.07,NRI,"Mass Market"
CUST0144,56,Male,North,1492921.85,504937.06,Salary,"Mass Market"
CUST0710,59,Female,South,1491750.59,949646.59,Savings,"High Value"
CUST0707,57,Male,East,1491096.74,1173241.96,Savings,"High Value"
CUST0410,40,Female,West,1489746.26,556351.53,Current,"Mass Market"
CUST0490,57,Female,South,1489536.65,226818.07,Salary,"Mass Market"
CUST0353,47,Female,West,1485143.96,1301919.67,Current,"High Value"
CUST0019,48,Female,North,1477682.29,64702.29,Salary,"Mass Market"
CUST0627,25,Female,West,1474728.44,478101.48,Current,"Mass Market"
CUST0743,50,Male,North,1473450.58,325032.57,NRI,"Mass Market"
CUST0370,48,Male,North,1472663.51,536675.06,Savings,"Mass Market"
CUST0283,49,Female,North,1471325.50,770585.60,Savings,"Mass Market"
CUST0959,68,Male,East,1468062.89,1443883.71,Savings,"High Value"
CUST0094,48,Male,East,1466664.69,867741.23,NRI,"High Value"
CUST0402,63,Female,East,1460279.17,821753.62,Salary,"High Value"
CUST0001,63,Male,North,1459491.22,797698.34,Current,"Mass Market"
CUST0311,69,Male,West,1451460.01,1466410.28,Salary,"High Value"
CUST0362,33,Male,South,1451325.19,488285.60,NRI,"Mass Market"
CUST0825,38,Male,South,1449668.52,362713.51,Savings,"Mass Market"
CUST0514,35,Male,North,1447180.52,518033.34,NRI,"Mass Market"
CUST0969,33,Female,North,1446851.30,1132678.65,Savings,"High Value"
CUST0862,61,Male,South,1444373.76,338501.02,Current,"Mass Market"
CUST0340,56,Female,West,1442648.89,673821.54,Savings,"Mass Market"
CUST0964,44,Male,North,1441871.02,1207503.24,NRI,"High Value"
CUST0058,64,Male,South,1440497.65,480144.44,Current,"Mass Market"
CUST0242,65,Female,South,1439773.29,154074.89,Current,"Mass Market"
CUST0980,35,Female,West,1439513.16,1313401.43,Current,"High Value"
CUST0525,59,Male,East,1438381.97,107262.37,Salary,"Mass Market"
CUST0214,30,Male,South,1437991.92,313951.96,Salary,"Mass Market"
CUST0562,49,Female,East,1436459.78,679066.26,Savings,"Mass Market"
CUST0948,35,Male,East,1434896.19,117597.65,NRI,"Mass Market"
CUST0571,38,Male,West,1427869.00,372338.17,Current,"Mass Market"
CUST0448,29,Female,North,1427840.46,716908.02,Current,"Mass Market"
CUST0330,30,Male,North,1427505.83,868968.47,Savings,"High Value"
CUST0538,59,Female,South,1427200.31,694422.05,Savings,"Mass Market"
CUST0061,30,Male,East,1426888.23,158247.06,NRI,"Mass Market"
CUST0763,62,Male,North,1424806.02,630079.81,NRI,"Mass Market"
CUST0874,44,Female,South,1424484.11,173128.73,Salary,"Mass Market"
CUST0782,34,Female,South,1422951.48,548694.88,Salary,"Mass Market"
CUST0146,54,Male,West,1418393.20,1150321.29,NRI,"High Value"
CUST0579,42,Male,North,1416306.27,1267155.90,NRI,"High Value"
CUST0546,43,Male,North,1413785.33,108422.41,Current,"Mass Market"
CUST0141,37,Female,East,1412875.92,551471.86,Current,"Mass Market"
CUST0683,52,Male,South,1412001.26,1386359.78,NRI,"High Value"
CUST0390,46,Male,South,1411454.90,324345.14,NRI,"Mass Market"
CUST0851,38,Male,East,1406784.69,509756.15,NRI,"Mass Market"
CUST0828,51,Female,West,1401373.39,629285.40,Savings,"Mass Market"
CUST0916,55,Female,South,1400882.52,615629.45,Savings,"Mass Market"
CUST0207,57,Female,East,1396162.50,134002.37,Salary,"Mass Market"
CUST0354,26,Male,East,1395187.52,373553.00,Savings,"Mass Market"
CUST0866,41,Female,West,1392729.93,1068528.50,Salary,"High Value"
CUST0256,59,Male,South,1392214.54,1145215.94,Current,"High Value"
CUST0417,52,Female,South,1387267.38,482187.17,Savings,"Mass Market"
CUST0897,61,Female,South,1386390.89,1320295.65,Salary,"High Value"
CUST0581,33,Female,South,1385802.48,520168.73,Salary,"Mass Market"
CUST0957,47,Male,East,1384302.09,923543.20,Savings,"High Value"
CUST0764,58,Male,South,1383116.06,258142.39,Salary,"Mass Market"
CUST0727,41,Female,South,1375575.23,1081888.35,NRI,"High Value"
CUST0032,52,Male,West,1374130.50,730412.15,Savings,"Mass Market"
CUST0026,36,Male,East,1373278.90,732676.80,Savings,"Mass Market"
CUST0541,41,Female,North,1372867.55,708847.16,Salary,"Mass Market"
CUST0814,52,Female,West,1372781.18,688538.41,NRI,"Mass Market"
CUST0278,60,Female,South,1372656.63,91899.80,Salary,"Mass Market"
CUST0632,57,Male,West,1369201.09,1071208.11,Savings,"High Value"
CUST0681,44,Male,East,1368297.34,155438.96,Savings,"Mass Market"
CUST0320,57,Female,South,1366331.83,920899.07,Savings,"High Value"
CUST0998,61,Female,North,1364969.55,1053518.35,Current,"High Value"
CUST0755,61,Female,North,1363496.36,159230.95,Savings,"Mass Market"
CUST0252,47,Female,East,1362531.52,648244.18,Savings,"Mass Market"
CUST0557,43,Male,South,1360490.33,986709.86,Savings,"High Value"
CUST0014,64,Female,West,1358957.13,1399972.86,NRI,"High Value"
CUST0196,63,Female,West,1358140.36,757898.65,Savings,"Mass Market"
CUST0786,29,Male,North,1349055.63,1225924.57,Current,"High Value"
CUST0842,38,Male,North,1348161.37,1203218.97,Current,"High Value"
CUST0036,27,Male,West,1347239.88,1257834.05,NRI,"High Value"
CUST0737,56,Male,East,1346201.28,170101.32,Salary,"Mass Market"
CUST1000,43,Female,West,1342381.62,167636.82,Salary,"Mass Market"
CUST0551,36,Female,West,1339485.38,1026942.48,Current,"High Value"
CUST0929,35,Female,South,1339019.97,1428867.52,Salary,"High Value"
CUST0433,63,Female,South,1336831.77,463101.01,NRI,"Mass Market"
CUST0413,54,Male,South,1336569.38,1432452.87,Salary,"High Value"
CUST0494,68,Male,East,1331289.52,169000.61,Savings,"Mass Market"
CUST0962,64,Male,South,1321009.35,943981.03,NRI,"High Value"
CUST0301,31,Male,North,1320651.47,393871.68,NRI,"Mass Market"
CUST0351,56,Female,West,1320649.03,692271.44,Salary,"Mass Market"
CUST0753,47,Female,East,1317886.33,253956.15,NRI,"Mass Market"
CUST0325,41,Male,South,1317050.23,526968.84,Salary,"Mass Market"
CUST0154,60,Male,East,1315426.44,463690.73,Current,"Mass Market"
CUST0051,31,Female,North,1315250.42,400988.48,Salary,"Mass Market"
CUST0126,59,Female,East,1313186.89,41303.64,Current,"Mass Market"
CUST0465,34,Female,South,1312788.20,1392341.14,Salary,"High Value"
CUST0039,45,Female,North,1310782.89,762318.06,NRI,"Mass Market"
CUST0415,41,Female,East,1310383.43,370071.79,Current,"Mass Market"
CUST0332,65,Female,West,1310327.73,1216868.33,NRI,"High Value"
CUST0692,34,Female,East,1308750.62,68119.57,Savings,"Mass Market"
CUST0319,52,Female,East,1308261.41,1485524.90,Current,"High Value"
CUST0251,49,Female,South,1308011.15,912786.25,Savings,"High Value"
CUST0992,65,Male,West,1307590.67,198934.68,Salary,"Mass Market"
CUST0918,26,Male,West,1306939.13,730977.12,Current,"Mass Market"
CUST0605,69,Female,West,1303720.32,1016093.95,Savings,"High Value"
CUST0029,49,Male,West,1299630.14,781835.54,Savings,"Mass Market"
CUST0678,41,Female,North,1298803.57,204177.45,NRI,"Mass Market"
CUST0346,66,Female,West,1292726.56,1303289.64,Current,"High Value"
CUST0427,56,Female,South,1290772.15,1055332.25,Current,"High Value"
CUST0005,32,Female,North,1289526.23,1209709.85,Savings,"High Value"
CUST0275,48,Male,West,1289427.65,425722.35,NRI,"Mass Market"
CUST0852,31,Male,East,1288569.43,1428873.38,Current,"High Value"
CUST0183,51,Male,South,1286943.39,900733.94,NRI,"High Value"
CUST0781,41,Female,West,1286301.92,115337.95,NRI,"Mass Market"
CUST0464,55,Male,South,1283522.20,208593.54,Savings,"Mass Market"
CUST0647,44,Female,North,1282122.94,894590.08,Current,"High Value"
CUST0725,34,Female,South,1276896.25,1084371.44,Current,"High Value"
CUST0532,56,Male,North,1275436.03,1368609.67,NRI,"High Value"
CUST0713,30,Female,South,1268970.97,472452.62,NRI,"Mass Market"
CUST0385,26,Male,North,1268711.52,141981.73,Current,"Mass Market"
CUST0215,56,Female,East,1268437.80,1241432.27,Savings,"High Value"
CUST0111,33,Female,North,1266690.98,1137112.12,NRI,"High Value"
CUST0776,41,Male,East,1266129.60,1065789.48,Current,"High Value"
CUST0046,33,Female,West,1262726.87,1252904.52,Current,"High Value"
CUST0257,31,Female,South,1261071.55,1341023.70,Current,"High Value"
CUST0528,63,Male,South,1256111.11,974539.78,Savings,"High Value"
CUST0218,41,Female,East,1254842.61,1458049.50,NRI,"High Value"
CUST0891,61,Female,North,1254398.32,326001.04,Salary,"Mass Market"
CUST0917,30,Female,North,1252004.10,1160035.69,Salary,"High Value"
CUST0110,31,Female,North,1250569.14,284226.71,Savings,"Mass Market"
CUST0652,55,Female,North,1248167.49,1476293.30,Salary,"High Value"
CUST0661,40,Female,North,1247164.54,164177.84,NRI,"Mass Market"
CUST0526,60,Male,West,1246940.30,1234540.59,Salary,"High Value"
CUST0642,35,Female,North,1245848.37,228455.69,Current,"Mass Market"
CUST0246,42,Female,West,1245244.99,68649.20,Salary,"Mass Market"
CUST0398,32,Female,West,1240477.31,118271.73,NRI,"Mass Market"
CUST0002,53,Female,East,1237383.44,508319.37,NRI,"Mass Market"
CUST0471,28,Male,North,1229606.54,1153969.28,Salary,"High Value"
CUST0630,52,Female,South,1228475.37,873891.34,Savings,"High Value"
CUST0587,37,Female,West,1228021.99,290465.98,Salary,"Mass Market"
CUST0226,40,Female,West,1226745.72,453810.50,Current,"Mass Market"
CUST0608,30,Male,South,1221685.14,197904.11,Salary,"Mass Market"
CUST0293,60,Male,North,1221345.30,19213.90,Savings,"Mass Market"
CUST0392,66,Female,North,1219074.15,55227.17,NRI,"Mass Market"
CUST0924,30,Female,North,1216309.75,1189052.96,Current,"High Value"
CUST0013,60,Male,West,1215538.80,527033.48,Salary,"Mass Market"
CUST0008,43,Female,South,1211085.46,660006.58,NRI,"Mass Market"
CUST0956,29,Female,East,1210013.88,1309867.90,Savings,"High Value"
CUST0188,68,Female,North,1207768.05,761909.56,Salary,"Mass Market"
CUST0326,68,Female,West,1205884.19,653392.57,Current,"Mass Market"
CUST0284,59,Male,North,1204410.33,395600.69,Current,"Mass Market"
CUST0588,64,Male,North,1204246.37,284530.49,Salary,"Mass Market"
CUST0230,40,Male,West,1201790.76,257615.65,Savings,"Mass Market"
CUST0671,32,Male,South,1201183.57,462565.22,Salary,"Mass Market"
CUST0768,51,Male,South,1196685.26,114402.36,Salary,"Mass Market"
CUST0816,46,Male,West,1196594.67,21120.08,Current,"Mass Market"
CUST0817,45,Female,West,1195634.28,639803.06,Current,"Mass Market"
CUST0839,59,Male,North,1191225.93,733969.55,Salary,"Mass Market"
CUST0958,34,Male,East,1189437.44,244233.79,Salary,"Mass Market"
CUST0833,67,Male,South,1186321.22,736971.29,NRI,"Mass Market"
CUST0728,45,Male,West,1183913.36,51901.04,Current,"Mass Market"
CUST0160,26,Female,West,1183287.49,1204741.85,Salary,"High Value"
CUST0993,61,Male,North,1175611.64,1301227.58,NRI,"High Value"
CUST0574,59,Male,West,1173433.09,161799.36,NRI,"Mass Market"
CUST0368,59,Male,South,1171135.04,83448.79,NRI,"Mass Market"
CUST0735,25,Female,North,1169303.04,613743.74,Current,"Mass Market"
CUST0940,57,Male,West,1169288.00,854619.07,Salary,"High Value"
CUST0586,31,Male,West,1168067.37,288019.24,Current,"Mass Market"
CUST0038,31,Female,East,1167847.81,300487.82,Salary,"Mass Market"
CUST0187,66,Male,West,1161356.54,621990.00,Current,"Mass Market"
CUST0704,46,Male,North,1156860.17,372986.04,NRI,"Mass Market"
CUST0688,42,Male,South,1153570.87,1018915.15,NRI,"High Value"
CUST0898,57,Female,South,1152827.37,1448758.65,NRI,"High Value"
CUST0762,58,Male,West,1150389.12,948228.56,Savings,"High Value"
CUST0705,51,Female,South,1148126.19,1199848.20,Current,"High Value"
CUST0540,54,Female,West,1145924.92,646073.14,NRI,"Mass Market"
CUST0685,37,Female,East,1145254.77,537556.20,NRI,"Mass Market"
CUST0604,49,Male,North,1144445.54,1115109.35,NRI,"High Value"
CUST0232,27,Female,South,1144432.49,1410487.32,Savings,"High Value"
CUST0088,39,Male,North,1140267.21,1445890.93,Salary,"High Value"
CUST0358,50,Male,East,1136924.02,528597.41,NRI,"Mass Market"
CUST0468,25,Female,East,1136881.21,168258.60,Savings,"Mass Market"
CUST0952,27,Female,East,1134006.91,733083.04,Current,"Mass Market"
CUST0893,50,Female,South,1130099.72,429114.00,Savings,"Mass Market"
CUST0037,61,Male,South,1126954.23,367331.73,Salary,"Mass Market"
CUST0758,26,Male,West,1125725.80,573690.25,Savings,"Mass Market"
CUST0659,34,Male,South,1124016.35,405871.49,Current,"Mass Market"
CUST0109,52,Female,North,1118767.45,458439.82,Current,"Mass Market"
CUST0982,58,Male,South,1117826.45,1082795.24,Current,"High Value"
CUST0655,40,Male,West,1116579.33,538276.83,Current,"Mass Market"
CUST0921,35,Male,North,1113589.16,140251.04,NRI,"Mass Market"
CUST0606,28,Male,South,1111916.65,316764.16,NRI,"Mass Market"
CUST0920,52,Female,East,1111155.78,1362564.25,Salary,"High Value"
CUST0182,32,Male,East,1110280.97,236096.94,Savings,"Mass Market"
CUST0176,51,Female,West,1109469.65,260349.88,NRI,"Mass Market"
CUST0945,38,Male,South,1109129.17,817602.79,Current,"High Value"
CUST0007,63,Male,West,1109070.57,136599.77,Savings,"Mass Market"
CUST0675,65,Female,North,1102106.20,640185.88,Current,"Mass Market"
CUST0236,50,Female,South,1096917.97,276954.24,Current,"Mass Market"
CUST0616,43,Female,East,1096223.98,1221147.95,Current,"High Value"
CUST0550,43,Female,East,1096076.81,539373.12,Salary,"Mass Market"
CUST0885,32,Female,West,1092514.62,503063.00,Savings,"Mass Market"
CUST0914,60,Female,West,1092111.02,606531.37,NRI,"Mass Market"
CUST0792,67,Female,South,1089174.16,910413.59,Current,"High Value"
CUST0847,48,Female,East,1087190.99,296550.50,NRI,"Mass Market"
CUST0416,43,Male,West,1087156.18,111375.60,Current,"Mass Market"
CUST0192,56,Male,North,1082084.62,67217.31,Current,"Mass Market"
CUST0167,68,Male,East,1081846.05,1136726.43,Current,"High Value"
CUST0612,63,Male,West,1080496.84,1444471.55,NRI,"High Value"
CUST0071,38,Male,South,1077153.10,728205.84,Salary,"Mass Market"
CUST0431,25,Male,East,1075224.88,1043132.53,Savings,"High Value"
CUST0073,39,Male,East,1069347.11,430058.35,Savings,"Mass Market"
CUST0304,57,Male,East,1068914.02,1102408.96,Salary,"High Value"
CUST0819,25,Female,North,1067405.17,669613.62,Savings,"Mass Market"
CUST0981,33,Female,South,1065810.30,202064.85,Savings,"Mass Market"
CUST0426,58,Male,East,1065471.11,100749.26,Savings,"Mass Market"
CUST0285,49,Male,South,1064155.32,481521.13,NRI,"Mass Market"
CUST0722,61,Male,South,1064009.49,409315.93,Savings,"Mass Market"
CUST0664,36,Male,West,1060930.41,261436.66,Salary,"Mass Market"
CUST0578,35,Male,West,1059490.91,82661.82,Current,"Mass Market"
CUST0637,56,Male,East,1054968.18,325454.41,Current,"Mass Market"
CUST0718,29,Male,East,1053385.55,1313368.04,Salary,"High Value"
CUST0669,60,Female,South,1049329.17,459364.44,Current,"Mass Market"
CUST0706,37,Female,West,1048851.63,169473.41,Current,"Mass Market"
CUST0568,69,Male,West,1045493.43,637738.31,Savings,"Mass Market"
CUST0106,66,Female,North,1044188.51,1364151.48,Salary,"High Value"
CUST0953,57,Female,South,1042160.20,232578.64,Savings,"Mass Market"
CUST0419,61,Male,North,1037457.70,763829.44,NRI,"Mass Market"
CUST0237,27,Male,North,1035924.84,1337798.74,NRI,"High Value"
CUST0210,26,Male,East,1035324.30,112443.32,Savings,"Mass Market"
CUST0556,55,Female,East,1028963.42,196624.33,Savings,"Mass Market"
CUST0338,57,Male,South,1026473.14,975963.32,Savings,"High Value"
CUST0217,35,Female,North,1022024.06,91369.35,NRI,"Mass Market"
CUST0177,37,Female,East,1019249.56,538647.96,NRI,"Mass Market"
CUST0438,36,Male,South,1015228.83,1042451.14,Current,"High Value"
CUST0034,39,Female,South,1014287.04,121594.80,NRI,"Mass Market"
CUST0841,46,Male,South,1007290.54,1375966.44,NRI,"High Value"
CUST0653,25,Male,North,1001507.00,445450.95,Savings,"Mass Market"
CUST0872,41,Female,North,998690.95,435252.06,Savings,"Mid Tier"
CUST0527,42,Female,South,997282.49,973001.80,Current,"Mid Tier"
CUST0374,69,Female,North,996875.69,296464.30,Current,"Mid Tier"
CUST0883,46,Male,South,995794.33,1339778.95,NRI,"Mid Tier"
CUST0938,43,Female,West,994380.16,223162.31,Savings,"Mid Tier"
CUST0044,49,Female,South,993895.17,64326.97,Salary,"Mid Tier"
CUST0412,66,Female,South,991570.25,1464920.23,Savings,"Mid Tier"
CUST0697,25,Male,South,990726.78,1487520.27,Current,"Mid Tier"
CUST0888,43,Male,South,989365.42,590190.77,NRI,"Mid Tier"
CUST0966,61,Male,South,986100.49,1468631.56,NRI,"Mid Tier"
CUST0672,52,Male,East,984678.49,148595.94,Current,"Mid Tier"
CUST0592,26,Male,North,980619.98,36072.34,NRI,"Mid Tier"
CUST0645,59,Male,North,973889.70,243573.04,Current,"Mid Tier"
CUST0179,27,Male,North,972329.27,95513.85,Current,"Mid Tier"
CUST0449,36,Female,South,971683.49,507327.13,Salary,"Mid Tier"
CUST0484,57,Female,South,970452.41,822687.65,NRI,"Mid Tier"
CUST0452,50,Female,North,968682.08,858264.43,Savings,"Mid Tier"
CUST0994,38,Male,North,966414.60,894427.13,Salary,"Mid Tier"
CUST0714,52,Female,North,965133.15,1145573.13,Salary,"Mid Tier"
CUST0495,53,Male,East,962783.57,977838.45,Current,"Mid Tier"
CUST0498,55,Male,North,959822.05,942821.52,Salary,"Mid Tier"
CUST0984,59,Male,East,959561.16,938475.40,Current,"Mid Tier"
CUST0826,50,Male,West,959044.49,945765.39,NRI,"Mid Tier"
CUST0791,67,Female,West,958670.29,622304.40,Current,"Mid Tier"
CUST0243,57,Male,North,957196.26,1083480.54,Savings,"Mid Tier"
CUST0909,33,Female,West,955714.86,937595.02,Savings,"Mid Tier"
CUST0147,61,Male,West,954606.59,1394811.19,Current,"Mid Tier"
CUST0497,36,Female,East,953923.18,1243996.95,Savings,"Mid Tier"
CUST0072,55,Female,East,952378.28,1139087.07,NRI,"Mid Tier"
CUST0085,69,Male,South,949978.51,776965.87,Current,"Mid Tier"
CUST0934,29,Male,North,949663.25,971273.62,Savings,"Mid Tier"
CUST0834,41,Male,West,949639.09,314342.14,Salary,"Mid Tier"
CUST0631,49,Male,North,949089.56,258090.29,Salary,"Mid Tier"
CUST0801,64,Female,West,948162.67,1106692.75,Salary,"Mid Tier"
CUST0572,55,Female,East,945675.41,830350.25,Savings,"Mid Tier"
CUST0978,68,Female,North,945278.94,145174.12,Current,"Mid Tier"
CUST0098,48,Female,West,944208.48,615560.64,NRI,"Mid Tier"
CUST0477,56,Male,North,942880.11,692961.58,Salary,"Mid Tier"
CUST0693,54,Female,West,936338.50,688794.51,Current,"Mid Tier"
CUST0702,50,Male,North,934491.96,1478545.09,NRI,"Mid Tier"
CUST0944,50,Male,West,932301.11,29788.99,Savings,"Mid Tier"
CUST0363,67,Female,South,931703.51,793880.08,NRI,"Mid Tier"
CUST0119,59,Male,South,928994.94,1477135.17,Current,"Mid Tier"
CUST0759,35,Female,South,928723.82,141711.48,Current,"Mid Tier"
CUST0867,63,Female,North,925403.00,634196.20,Current,"Mid Tier"
CUST0268,59,Male,South,920811.56,768348.97,Savings,"Mid Tier"
CUST0486,61,Male,West,919346.64,1040548.67,Savings,"Mid Tier"
CUST0836,60,Female,North,918209.90,544526.34,Current,"Mid Tier"
CUST0560,59,Male,West,917503.07,1305846.87,Savings,"Mid Tier"
CUST0475,26,Female,North,916082.13,870256.57,Savings,"Mid Tier"
CUST0445,52,Female,West,914407.39,1130179.26,Savings,"Mid Tier"
CUST0794,47,Female,South,913271.72,631900.58,Salary,"Mid Tier"
CUST0377,32,Female,North,909189.87,622558.99,Current,"Mid Tier"
CUST0554,52,Female,East,908991.48,409533.41,NRI,"Mid Tier"
CUST0876,28,Male,North,907573.03,270429.63,Current,"Mid Tier"
CUST0749,29,Female,South,906688.65,1194714.32,Savings,"Mid Tier"
CUST0644,60,Male,West,905838.58,356989.93,NRI,"Mid Tier"
CUST0585,62,Male,North,904409.36,877828.26,Current,"Mid Tier"
CUST0241,31,Male,West,900755.78,84761.27,Current,"Mid Tier"
CUST0273,48,Male,East,898289.40,873946.07,Salary,"Mid Tier"
CUST0865,63,Male,South,897100.64,1390612.22,Savings,"Mid Tier"
CUST0886,64,Female,East,894865.23,379948.34,Savings,"Mid Tier"
CUST0719,62,Male,East,894544.92,1108772.85,Savings,"Mid Tier"
CUST0205,61,Male,North,893605.58,1450392.15,NRI,"Mid Tier"
CUST0949,60,Female,South,888703.89,1029808.69,Salary,"Mid Tier"
CUST0976,55,Male,North,884282.23,1285668.90,NRI,"Mid Tier"
CUST0081,42,Female,South,883102.14,382118.83,Current,"Mid Tier"
CUST0269,43,Male,West,875752.50,684708.96,Salary,"Mid Tier"
CUST0459,47,Female,North,872631.09,280827.76,Savings,"Mid Tier"
CUST0294,57,Male,West,872347.14,1217918.52,NRI,"Mid Tier"
CUST0016,27,Female,North,871589.06,758534.01,Current,"Mid Tier"
CUST0715,41,Male,East,870536.77,1404903.08,Savings,"Mid Tier"
CUST0245,63,Female,West,870452.87,284609.08,NRI,"Mid Tier"
CUST0336,55,Male,North,868965.84,398665.38,Salary,"Mid Tier"
CUST0599,69,Male,West,866735.88,418577.20,Salary,"Mid Tier"
CUST0297,38,Female,South,864366.14,250557.05,Salary,"Mid Tier"
CUST0047,50,Male,West,860275.37,185779.00,NRI,"Mid Tier"
CUST0549,65,Female,North,859661.48,722022.36,Salary,"Mid Tier"
CUST0124,59,Male,South,854930.24,644003.43,Savings,"Mid Tier"
CUST0308,54,Male,North,852126.65,804652.09,Salary,"Mid Tier"
CUST0272,44,Female,South,849001.64,222793.31,Salary,"Mid Tier"
CUST0270,40,Female,West,843353.36,425254.53,NRI,"Mid Tier"
CUST0881,42,Male,South,843012.51,1013395.40,Current,"Mid Tier"
CUST0156,56,Male,East,842693.50,967738.35,NRI,"Mid Tier"
CUST0997,45,Female,West,842528.00,249681.84,Savings,"Mid Tier"
CUST0857,42,Male,West,832249.70,569973.62,Salary,"Mid Tier"
CUST0492,34,Male,North,832166.42,797002.00,Current,"Mid Tier"
CUST0022,62,Male,East,830643.21,1381598.47,Salary,"Mid Tier"
CUST0114,58,Female,North,829523.97,928766.75,NRI,"Mid Tier"
CUST0424,25,Female,South,827723.05,1033979.17,Salary,"Mid Tier"
CUST0508,50,Male,South,826922.37,1254110.94,NRI,"Mid Tier"
CUST0345,49,Female,North,825351.67,858117.63,Current,"Mid Tier"
CUST0537,49,Male,West,822353.63,1055233.66,Salary,"Mid Tier"
CUST0835,50,Male,South,811245.51,943935.92,Savings,"Mid Tier"
CUST0996,59,Female,West,802117.80,647037.36,Current,"Mid Tier"
CUST0739,52,Male,West,801049.42,1365251.00,Salary,"Mid Tier"
CUST0443,53,Male,West,799795.03,1373496.70,Salary,"Mid Tier"
CUST0843,50,Female,South,797263.80,682183.80,Current,"Mid Tier"
CUST0307,46,Male,East,795697.25,811947.95,Salary,"Mid Tier"
CUST0108,65,Female,North,794154.35,1017833.57,NRI,"Mid Tier"
CUST0220,48,Male,North,785346.30,443406.51,Current,"Mid Tier"
CUST0565,47,Female,East,781951.38,1009439.89,Savings,"Mid Tier"
CUST0676,60,Female,East,779363.62,1195411.78,Savings,"Mid Tier"
CUST0931,50,Male,North,774629.49,233364.79,Savings,"Mid Tier"
CUST0020,68,Male,West,773444.12,717405.82,Current,"Mid Tier"
CUST0140,66,Male,North,769725.01,1018159.68,Savings,"Mid Tier"
CUST0450,40,Female,West,767817.63,873176.97,Savings,"Mid Tier"
CUST0927,26,Female,West,766386.92,1276697.77,Current,"Mid Tier"
CUST0795,40,Female,North,763550.92,225024.95,Current,"Mid Tier"
CUST0919,44,Female,East,759541.99,1347323.17,NRI,"Mid Tier"
CUST0561,36,Male,East,755383.67,1337339.90,Salary,"Mid Tier"
CUST0089,69,Male,North,752511.98,571709.39,Current,"Mid Tier"
CUST0341,47,Male,North,750738.80,1450783.09,Savings,"Mid Tier"
CUST0162,69,Male,South,748878.40,1305605.17,Savings,"Mid Tier"
CUST0361,57,Male,South,748286.21,670724.26,Salary,"Mid Tier"
CUST0760,63,Male,East,747090.80,519916.03,Current,"Mid Tier"
CUST0174,57,Male,South,745457.23,456894.80,NRI,"Mid Tier"
CUST0380,36,Male,East,744434.47,1475177.74,NRI,"Mid Tier"
CUST0335,53,Male,North,743000.32,761709.36,Savings,"Mid Tier"
CUST0734,28,Female,North,742886.64,981898.86,Salary,"Mid Tier"
CUST0773,39,Male,North,741043.93,750147.71,Salary,"Mid Tier"
CUST0942,36,Male,East,738273.60,1002261.28,Savings,"Mid Tier"
CUST0299,44,Male,East,735814.79,810934.81,Salary,"Mid Tier"
CUST0116,47,Male,South,734435.08,495993.68,NRI,"Mid Tier"
CUST0558,40,Male,South,731414.97,69297.72,NRI,"Mid Tier"
CUST0716,29,Female,North,728172.44,1411718.78,Savings,"Mid Tier"
CUST0006,45,Male,West,728169.53,286807.66,Salary,"Mid Tier"
CUST0166,68,Female,East,713654.42,496068.56,Current,"Mid Tier"
CUST0407,54,Male,West,712306.28,622605.06,Salary,"Mid Tier"
CUST0249,35,Male,South,709423.12,210305.81,Salary,"Mid Tier"
CUST0506,50,Male,North,707726.39,1415044.35,Savings,"Mid Tier"
CUST0076,47,Male,East,707430.25,93774.20,Current,"Mid Tier"
CUST0235,43,Male,West,705847.76,732993.38,Salary,"Mid Tier"
CUST0381,47,Female,South,705294.65,369985.90,Salary,"Mid Tier"
CUST0131,29,Female,North,690343.29,139192.79,Current,"Mid Tier"
CUST0441,61,Male,West,684739.16,996853.69,NRI,"Mid Tier"
CUST0077,64,Male,North,683040.54,733595.10,Savings,"Mid Tier"
CUST0420,50,Male,East,682275.50,1168814.59,NRI,"Mid Tier"
CUST0902,30,Male,South,667296.80,1023573.53,NRI,"Mid Tier"
CUST0660,56,Male,East,667092.44,1344765.44,NRI,"Mid Tier"
CUST0396,61,Male,East,665100.77,209329.44,Current,"Mid Tier"
CUST0321,29,Male,South,664703.99,562750.83,NRI,"Mid Tier"
CUST0136,33,Male,East,662592.59,209206.53,NRI,"Mid Tier"
CUST0337,59,Male,West,662353.98,23539.68,Current,"Mid Tier"
CUST0399,68,Male,East,656913.49,306649.20,Savings,"Mid Tier"
CUST0153,53,Male,South,652157.60,431320.53,NRI,"Mid Tier"
CUST0689,29,Male,West,652054.86,1027180.02,Savings,"Mid Tier"
CUST0260,26,Female,East,649597.97,720705.26,Savings,"Mid Tier"
CUST0371,37,Female,East,647500.61,480293.49,Savings,"Mid Tier"
CUST0665,48,Male,East,639811.44,1452807.17,Salary,"Mid Tier"
CUST0708,58,Female,East,639119.09,1366192.22,Savings,"Mid Tier"
CUST0384,58,Female,West,634629.42,914913.38,Savings,"Mid Tier"
CUST0306,46,Male,North,632743.02,438391.69,Current,"Mid Tier"
CUST0059,28,Male,West,630371.80,168869.19,Savings,"Mid Tier"
CUST0033,40,Female,West,630107.06,649432.74,Savings,"Mid Tier"
CUST0178,65,Male,West,627553.71,605974.70,NRI,"Mid Tier"
CUST0752,41,Female,West,627351.13,1446886.32,Salary,"Mid Tier"
CUST0216,28,Female,East,624395.56,840956.15,Salary,"Mid Tier"
CUST0863,52,Female,East,614327.11,255203.43,NRI,"Mid Tier"
CUST0806,27,Female,South,614270.63,1278856.29,Salary,"Mid Tier"
CUST0662,32,Female,West,613707.12,988278.43,Salary,"Mid Tier"
CUST0628,27,Female,South,612701.67,1437376.89,NRI,"Mid Tier"
CUST0425,25,Male,North,612338.38,476122.95,Savings,"Mid Tier"
CUST0379,38,Female,North,609565.36,869052.04,Savings,"Mid Tier"
CUST0680,57,Male,North,609216.53,303802.64,Current,"Mid Tier"
CUST0553,31,Male,East,608053.01,1075830.24,NRI,"Mid Tier"
CUST0282,59,Female,South,606339.82,664948.78,Savings,"Mid Tier"
CUST0724,34,Female,West,606232.74,953436.23,Current,"Mid Tier"
CUST0018,26,Male,North,601641.35,1108327.30,Savings,"Mid Tier"
CUST0935,30,Male,West,600521.99,35284.00,Savings,"Mid Tier"
CUST0262,36,Female,South,597778.98,1332262.56,NRI,"Mid Tier"
CUST0790,37,Female,East,595757.28,1331027.21,NRI,"Mid Tier"
CUST0868,46,Female,West,594422.40,780735.53,NRI,"Mid Tier"
CUST0253,55,Female,South,593655.94,50388.91,Current,"Mid Tier"
CUST0137,39,Female,South,589803.30,1403737.79,Salary,"Mid Tier"
CUST0584,41,Male,South,589276.06,1137403.36,Salary,"Mid Tier"
CUST0003,39,Female,West,587562.83,783775.91,Current,"Mid Tier"
CUST0745,27,Female,West,587435.16,997661.08,Salary,"Mid Tier"
CUST0105,29,Male,West,581810.64,310674.47,Salary,"Mid Tier"
CUST0436,53,Female,South,577782.43,675026.28,Salary,"Mid Tier"
CUST0971,39,Female,West,576210.47,824904.12,NRI,"Mid Tier"
CUST0747,25,Male,North,574605.79,1374563.38,Savings,"Mid Tier"
CUST0955,34,Male,West,573610.48,266855.68,Current,"Mid Tier"
CUST0635,68,Female,South,570607.25,746612.51,Salary,"Mid Tier"
CUST0849,69,Male,North,570425.49,376269.69,Savings,"Mid Tier"
CUST0115,57,Female,West,567303.03,70097.44,NRI,"Mid Tier"
CUST0090,25,Female,West,567050.12,908787.46,Salary,"Mid Tier"
CUST0607,60,Male,North,566255.00,535196.76,Current,"Mid Tier"
CUST0624,32,Male,West,565228.52,1277770.61,Savings,"Mid Tier"
CUST0975,54,Male,East,564455.90,1281394.35,Current,"Mid Tier"
CUST0229,30,Female,West,560339.62,348947.59,Current,"Mid Tier"
CUST0695,29,Female,West,555505.71,858550.92,Salary,"Mid Tier"
CUST0518,45,Female,West,552852.59,1396701.66,NRI,"Mid Tier"
CUST0312,32,Female,West,552491.52,1281442.61,Salary,"Mid Tier"
CUST0603,31,Female,North,551872.80,875326.44,NRI,"Mid Tier"
CUST0305,36,Male,North,551010.73,1493178.05,NRI,"Mid Tier"
CUST0577,67,Male,East,550444.47,1142452.00,Current,"Mid Tier"
CUST0488,27,Male,East,547676.86,253398.13,Salary,"Mid Tier"
CUST0947,61,Male,West,545326.87,753462.24,Savings,"Mid Tier"
CUST0820,29,Female,South,544195.82,1101006.62,Savings,"Mid Tier"
CUST0463,58,Male,West,544176.83,701338.27,NRI,"Mid Tier"
CUST0470,69,Male,North,543585.31,1213856.42,NRI,"Mid Tier"
CUST0027,46,Male,East,541419.64,137250.51,Current,"Mid Tier"
CUST0774,54,Male,East,540381.26,1265988.77,Savings,"Mid Tier"
CUST0567,63,Male,East,537656.66,374536.03,Savings,"Mid Tier"
CUST0355,51,Female,East,532042.14,1450434.00,Savings,"Mid Tier"
CUST0910,27,Female,East,531802.83,470287.41,Savings,"Mid Tier"
CUST0539,65,Female,South,529294.57,92101.29,Savings,"Mid Tier"
CUST0884,58,Female,East,524163.25,127153.80,Savings,"Mid Tier"
CUST0423,36,Female,West,521402.45,545916.59,Savings,"Mid Tier"
CUST0159,52,Female,West,518191.82,572030.66,Savings,"Mid Tier"
CUST0078,45,Male,North,516470.43,1370073.19,Current,"Mid Tier"
CUST0031,66,Female,North,515781.68,362548.58,Salary,"Mid Tier"
CUST0491,64,Male,South,512375.83,1316920.07,NRI,"Mid Tier"
CUST0519,60,Female,North,506486.03,46720.16,NRI,"Mid Tier"
CUST0194,65,Male,West,504579.41,1468757.44,Salary,"Mid Tier"
CUST0895,69,Female,South,496436.95,359144.35,NRI,"Mass Market"
CUST0813,42,Female,North,494930.37,884036.59,Current,"Mass Market"
CUST0219,62,Male,West,494920.95,773796.71,Savings,"Mass Market"
CUST0575,47,Female,East,491604.09,1367569.55,Salary,"Mass Market"
CUST0064,53,Male,North,486542.44,1455410.94,NRI,"Mass Market"
CUST0387,47,Male,West,483620.99,105501.12,Salary,"Mass Market"
CUST0083,50,Female,West,480777.67,1279552.14,Current,"Mass Market"
CUST0318,57,Female,South,479795.76,777598.87,NRI,"Mass Market"
CUST0254,54,Male,East,477323.33,1177417.24,Savings,"Mass Market"
CUST0611,68,Male,East,476396.03,1289314.16,Savings,"Mass Market"
CUST0405,69,Male,West,474694.49,365740.14,Current,"Mass Market"
CUST0507,34,Male,West,473732.16,919460.33,Savings,"Mass Market"
CUST0815,66,Male,West,470828.54,781842.87,Salary,"Mass Market"
CUST0208,25,Male,West,469528.21,1295809.84,Current,"Mass Market"
CUST0827,69,Female,East,469096.57,1246609.99,NRI,"Mass Market"
CUST0832,54,Female,West,460384.04,677647.38,Current,"Mass Market"
CUST0823,50,Male,South,459096.25,886762.55,Savings,"Mass Market"
CUST0066,50,Female,North,458585.54,905180.30,Savings,"Mass Market"
CUST0855,67,Male,East,457906.77,818981.26,Current,"Mass Market"
CUST0670,50,Male,North,457766.16,290570.76,Current,"Mass Market"
CUST0067,68,Female,South,456764.80,1054289.89,Current,"Mass Market"
CUST0610,43,Female,East,456216.86,1017531.66,Savings,"Mass Market"
CUST0548,36,Male,West,456050.88,546489.25,Salary,"Mass Market"
CUST0440,40,Male,South,453210.53,345489.93,Salary,"Mass Market"
CUST0266,33,Female,North,451707.64,1391092.27,NRI,"Mass Market"
CUST0315,58,Female,East,448870.40,348618.97,NRI,"Mass Market"
CUST0057,60,Female,North,446634.49,505315.77,Savings,"Mass Market"
CUST0626,63,Male,West,446176.46,964266.44,Current,"Mass Market"
CUST0818,30,Male,North,445221.66,1079921.56,Savings,"Mass Market"
CUST0995,54,Male,East,444528.69,199394.63,NRI,"Mass Market"
CUST0277,32,Female,South,443805.55,1498201.47,Salary,"Mass Market"
CUST0350,48,Male,West,443450.10,147749.78,NRI,"Mass Market"
CUST0198,27,Male,South,442677.91,1078720.20,NRI,"Mass Market"
CUST0515,53,Male,North,440010.00,1496531.67,Current,"Mass Market"
CUST0878,27,Male,South,437917.17,375727.15,Savings,"Mass Market"
CUST0280,64,Male,North,437837.05,133032.52,Current,"Mass Market"
CUST0779,28,Male,West,437406.71,548211.93,NRI,"Mass Market"
CUST0329,53,Male,North,437000.83,1193081.53,Salary,"Mass Market"
CUST0600,25,Female,South,430954.34,49646.47,NRI,"Mass Market"
CUST0209,43,Female,South,428812.04,726034.31,Salary,"Mass Market"
CUST0946,62,Female,North,427802.29,694748.84,Salary,"Mass Market"
CUST0717,55,Female,North,426824.68,270424.11,NRI,"Mass Market"
CUST0267,65,Female,East,425520.39,1443467.16,Salary,"Mass Market"
CUST0870,68,Male,West,419530.48,1477018.09,NRI,"Mass Market"
CUST0922,28,Female,South,415181.04,1405375.06,Savings,"Mass Market"
CUST0292,65,Female,East,414967.33,1365297.13,Savings,"Mass Market"
CUST0333,61,Male,East,414304.47,365051.61,Salary,"Mass Market"
CUST0598,32,Female,South,412497.84,898556.28,Salary,"Mass Market"
CUST0831,46,Female,West,410497.23,1007209.75,Savings,"Mass Market"
CUST0913,61,Male,South,406009.23,1218293.44,NRI,"Mass Market"
CUST0500,59,Female,South,405914.24,177471.57,NRI,"Mass Market"
CUST0875,49,Female,South,403074.20,1449096.64,Current,"Mass Market"
CUST0552,33,Female,West,400427.24,996725.92,NRI,"Mass Market"
CUST0634,30,Female,North,396225.96,360721.06,Salary,"Mass Market"
CUST0135,51,Female,East,394982.22,1246053.09,NRI,"Mass Market"
CUST0472,40,Female,North,392454.29,179809.17,Savings,"Mass Market"
CUST0095,25,Male,West,392292.69,197911.83,NRI,"Mass Market"
CUST0063,28,Male,North,391680.38,1449748.70,Salary,"Mass Market"
CUST0736,64,Male,West,386810.97,898104.96,Current,"Mass Market"
CUST0686,59,Male,North,385791.23,987172.94,Current,"Mass Market"
CUST0049,44,Male,South,384537.97,662470.83,NRI,"Mass Market"
CUST0566,40,Female,East,380787.00,1233676.54,Current,"Mass Market"
CUST0172,49,Male,South,377684.98,350213.57,Savings,"Mass Market"
CUST0510,65,Female,East,376274.59,177629.66,Savings,"Mass Market"
CUST0279,62,Female,East,373949.92,872027.31,Salary,"Mass Market"
CUST0451,50,Female,North,373016.58,1334610.91,Current,"Mass Market"
CUST0687,30,Male,North,368102.74,810540.75,Savings,"Mass Market"
CUST0682,37,Female,West,360580.78,258604.38,Salary,"Mass Market"
CUST0349,64,Male,North,359768.33,564344.92,Current,"Mass Market"
CUST0238,43,Female,East,357632.76,695929.51,Savings,"Mass Market"
CUST0666,52,Female,West,355985.07,684796.21,Current,"Mass Market"
CUST0239,44,Male,West,353221.88,1067410.30,Current,"Mass Market"
CUST0988,46,Female,North,351908.92,962410.73,Salary,"Mass Market"
CUST0690,49,Male,North,351374.61,946813.68,Salary,"Mass Market"
CUST0287,42,Female,West,348011.47,461797.48,Current,"Mass Market"
CUST0082,48,Female,North,346078.91,521480.48,Current,"Mass Market"
CUST0954,30,Female,South,342520.79,975902.86,Salary,"Mass Market"
CUST0015,48,Female,South,342223.01,1384741.26,NRI,"Mass Market"
CUST0785,48,Female,North,342055.41,717055.01,Salary,"Mass Market"
CUST0481,36,Male,West,339614.42,131356.35,NRI,"Mass Market"
CUST0977,29,Male,East,338615.20,157864.12,Current,"Mass Market"
CUST0972,48,Female,East,337284.86,823908.92,Savings,"Mass Market"
CUST0951,67,Female,North,332325.46,1150071.79,Salary,"Mass Market"
CUST0802,28,Male,West,331493.61,486824.01,Salary,"Mass Market"
CUST0400,68,Female,East,327736.54,528255.30,NRI,"Mass Market"
CUST0493,67,Female,North,327288.88,706218.88,Current,"Mass Market"
CUST0021,54,Male,East,326665.70,511121.86,NRI,"Mass Market"
CUST0068,58,Female,South,326638.65,434956.65,Current,"Mass Market"
CUST0629,37,Female,East,325754.54,59801.12,Savings,"Mass Market"
CUST0012,48,Female,East,324268.78,841675.06,Salary,"Mass Market"
CUST0618,27,Female,East,322288.60,931244.68,Current,"Mass Market"
CUST0961,37,Male,East,321832.41,118618.69,Savings,"Mass Market"
CUST0155,37,Female,East,320529.56,1474590.85,NRI,"Mass Market"
CUST0797,35,Male,West,319499.23,34840.61,Current,"Mass Market"
CUST0564,60,Female,North,316860.87,124684.08,NRI,"Mass Market"
CUST0563,45,Male,North,312112.76,694362.50,Salary,"Mass Market"
CUST0170,35,Male,West,311505.15,672414.52,NRI,"Mass Market"
CUST0901,30,Female,West,309599.19,20566.80,NRI,"Mass Market"
CUST0880,69,Male,South,308403.83,1167463.84,Current,"Mass Market"
CUST0190,39,Male,North,307080.18,1040662.97,NRI,"Mass Market"
CUST0596,62,Male,West,303443.23,496840.95,Salary,"Mass Market"
CUST0983,36,Male,East,302977.98,160736.77,Savings,"Mass Market"
CUST0873,37,Male,South,300296.32,882854.51,Salary,"Mass Market"
